{
    "train_error": [
        2.3030730199813845,
        2.302744290828705,
        2.276900714635849,
        2.0055270528793336,
        1.7069416737556458,
        1.615994740128517,
        1.5268741834163666,
        1.4840982258319855,
        1.392278834581375,
        1.3514708596467973,
        1.2620302870869637,
        1.2365927183628083,
        1.157000952064991,
        1.12980872631073,
        1.0799407920241355,
        1.0582452142238616,
        1.0027306029200553,
        0.992493690252304,
        0.9397215646505356,
        0.9393819418549537,
        0.8874811705946922,
        0.8947917801141739,
        0.8575020644068718,
        0.8505171871185303,
        0.8210112980008125,
        0.8152040821313858,
        0.7811249095201492,
        0.7848343911767006,
        0.7662577676773071,
        0.7485164660215378,
        0.7185585132241249,
        0.7397828607261181,
        0.7089776107668877,
        0.7035418601334095,
        0.6852687172591686,
        0.6907492659986019,
        0.66810128480196,
        0.6724214813113213,
        0.6592051938176156,
        0.6609153269231319,
        0.6453534059226513,
        0.6416443321108818,
        0.6230256406962872,
        0.6293770517408848,
        0.6116658850014209,
        0.6117260281741619,
        0.6029500661790371,
        0.6066961604356765,
        0.5941578882932663,
        0.595335481017828,
        0.5832190741598606,
        0.595309112071991,
        0.5681408566236495,
        0.5915454597771168,
        0.569250153452158,
        0.576119432747364,
        0.5660650855302811,
        0.5519719269871711,
        0.5543592847883702,
        0.5526818767189979
    ],
    "test_error": [
        2.3025829458236693,
        2.301926062107086,
        2.100080956220627,
        1.832732878923416,
        1.5866301476955413,
        1.6065973007678986,
        1.4799881017208099,
        1.3599175333976745,
        1.3047197294235229,
        1.2682709562778474,
        1.1586763679981231,
        1.148198379278183,
        1.0737387698888778,
        1.0583995914459228,
        1.017027376294136,
        0.9634069502353668,
        0.9374593120813369,
        0.9320280176401138,
        0.8911592948436737,
        0.865240581035614,
        0.8510168600082397,
        0.8390142297744752,
        0.8305415666103363,
        0.8107261794805527,
        0.7911628741025925,
        0.7833086097240448,
        0.7745074552297592,
        0.7624137932062149,
        0.7575380253791809,
        0.7557775044441223,
        0.7444844329357148,
        0.7294851988554001,
        0.7282808160781861,
        0.7223329311609268,
        0.7181001377105712,
        0.7103297567367554,
        0.7072808942198754,
        0.7007715612649917,
        0.6923793092370033,
        0.7088380485773087,
        0.6922568377852439,
        0.6982125011086464,
        0.6877877554297447,
        0.6845925837755203,
        0.6839523059129715,
        0.6899059334397316,
        0.6847508046030998,
        0.6823230078816414,
        0.6795730924606324,
        0.6731593990325928,
        0.6713339602947235,
        0.6711994424462319,
        0.6814242619276046,
        0.6663793218135834,
        0.6663658216595649,
        0.6678303244709969,
        0.6659809586405754,
        0.666993719637394,
        0.6692669177055359,
        0.6673031997680664
    ],
    "accuracy": [
        10.0,
        12.85,
        23.72,
        30.99,
        40.45,
        40.11,
        45.29,
        49.82,
        52.72,
        53.78,
        57.42,
        58.48,
        61.32,
        61.85,
        63.44,
        65.0,
        66.82,
        66.99,
        68.4,
        69.49,
        69.64,
        70.24,
        70.63,
        71.27,
        72.0,
        72.43,
        72.81,
        73.21,
        73.59,
        73.65,
        74.03,
        74.54,
        74.7,
        75.08,
        75.15,
        75.16,
        75.44,
        75.72,
        75.89,
        75.2,
        76.02,
        75.88,
        76.15,
        76.03,
        76.12,
        76.35,
        76.07,
        76.39,
        76.72,
        76.75,
        76.81,
        76.92,
        76.88,
        77.19,
        77.17,
        77.12,
        77.08,
        77.1,
        76.98,
        77.49
    ],
    "time": [
        31.202514997,
        31.302005377,
        31.373307181,
        31.416848119,
        31.466719094000002,
        31.455400817,
        31.508498581,
        31.570320423000002,
        31.502503207000004,
        31.493139083000003,
        31.562090906,
        31.694806973000002,
        31.579434662,
        31.595767296000002,
        31.67411407,
        31.793459050000003,
        31.736438335000003,
        31.664921601000003,
        31.663961065000002,
        31.666469091000003,
        31.705403383000004,
        31.650381052000004,
        31.681903244,
        31.655748267000003,
        31.672262419000003,
        31.705563229000003,
        31.719092584000002,
        31.878540167,
        31.816675866,
        31.857465661000003
    ]
}